{"cameraMode":{"drawMode":0,"name":"Shaded","section":"Shading Mode"},"sceneLighting":false,"audioPlay":false,"sceneViewState":{"m_AlwaysRefresh":false,"showFog":true,"showSkybox":true,"showFlares":true,"showImageEffects":true,"showParticleSystems":true,"showVisualEffectGraphs":true,"m_FxEnabled":true},"in2DMode":false,"pivot":{"x":5.560049057006836,"y":-7.970070838928223,"z":18.650999069213868},"rotation":{"x":-0.20166116952896119,"y":-0.05075513944029808,"z":0.010664267465472222,"w":-0.9778066873550415},"size":25.598026275634767,"orthographic":false}