{"cameraMode":{"drawMode":0,"name":"Shaded","section":"Shading Mode"},"sceneLighting":false,"audioPlay":false,"sceneViewState":{"m_AlwaysRefresh":false,"showFog":true,"showSkybox":false,"showFlares":true,"showImageEffects":true,"showParticleSystems":true,"showVisualEffectGraphs":true,"m_FxEnabled":true},"in2DMode":false,"pivot":{"x":-1.7830815315246583,"y":8.562755584716797,"z":-2.961451768875122},"rotation":{"x":-0.25496676564216616,"y":-0.08481668680906296,"z":0.022590436041355134,"w":-0.9627560973167419},"size":21.465513229370118,"orthographic":false}